486ae0_ddf8bcd8cb80432ebbaed38d4b0170e8~mv2.png	797800	IMAGE	image.png
486ae0_1536ab4da84a4c278d6824f24759c452~mv2.png	402003	IMAGE	image.png
486ae0_466604dfd518467ebf7b984042423773~mv2.png	960075	IMAGE	1000064259.png
486ae0_7094af9c9e4541868e3245ed8ef9587f~mv2.jpg	7854077	IMAGE	ODERA EDITORIAL LOOK 2 -07.jpg
486ae0_c47ab6007c0c488dbb4d92e9d11dd434~mv2.jpg	7452340	IMAGE	ODERA EDITORIAL LOOK 2 -08.jpg
486ae0_a5ffb390e53a48b1b873dfe9baedbea5~mv2.png	181209	IMAGE	IMG_5663.PNG
486ae0_554d800f39bb4dfdad4a99e22a041c89~mv2.jpg	11066788	IMAGE	ODERA EDITORIAL LOOK 2 -14.jpg
486ae0_2e61c8ba45b840b9a7fcb3dcb8f5a1a7~mv2.jpg	8992725	IMAGE	ODERA EDITORIAL LOOK 2 -01.jpg
486ae0_e88ec71a1c7a4d1c84ed5a4871c7ca86~mv2.jpg	8581238	IMAGE	ODERA EDITORIAL LOOK 2 -02.jpg
486ae0_0b1122c1918f40f78707fb82a3a12b8a~mv2.jpg	12455221	IMAGE	ODERA EDITORIAL LOOK 2 -13.jpg
486ae0_b295f46bab244df6a622d50e0fa259f7~mv2.jpg	12969527	IMAGE	ODERA EDITORIAL LOOK 2 -10.jpg
486ae0_2698fa73a367487fa178af6f0c45d6b4~mv2.jpg	11183131	IMAGE	ODERA EDITORIAL LOOK 2 -17.jpg
486ae0_32bd51c8242c45df908c8ac9800a4088~mv2.jpg	12488895	IMAGE	ODERA EDITORIAL LOOK 2 -06.jpg
486ae0_b4e0e9a2eacd49eba7bfd4ead69378f0~mv2.jpg	12694142	IMAGE	ODERA EDITORIAL LOOK 2 -12.jpg
486ae0_860c3d09933541fca0695e8b5379d481~mv2.jpg	12597061	IMAGE	ODERA EDITORIAL LOOK 2 -11.jpg
486ae0_7deed8b73651439f91d15823eadf98e0~mv2.jpg	9211374	IMAGE	ODERA EDITORIAL LOOK 2 -09.jpg
486ae0_37c4ce5540154023b270044e8ad32ab0~mv2.jpg	7729642	IMAGE	ODERA EDITORIAL LOOK 2 -04.jpg
486ae0_325df0f5757642bea7fb7b98a131577d~mv2.jpg	12370439	IMAGE	ODERA EDITORIAL LOOK 2 -05.jpg
486ae0_73ed1f34f069419b8df4b85a1a111e13~mv2.jpg	11714209	IMAGE	ODERA EDITORIAL LOOK 2 -03.jpg
486ae0_25047d82268d4a6db0af05efbd9eff56~mv2.jpg	13464032	IMAGE	ODERA EDITORIAL LOOK 2 -16.jpg
486ae0_2bda5d1e797a4ecf8c47171a9ae89cd3~mv2.jpg	10600751	IMAGE	ODERA EDITORIAL LOOK 2 -15.jpg
486ae0_b99e3c27154d424dbf174d4a54c2b52a~mv2.jpg	13783139	IMAGE	ODERA EDITORIAL ON FILM-01.jpg
486ae0_a1141962e32149048a3c06d5ebd4a033~mv2.jpg	81850	IMAGE	image000000.jpg
486ae0_09e56e82e2c6409093a624e3129dd3e0~mv2.jpg	127525	IMAGE	image000001.jpg
486ae0_9cdb13ed3f6f4d0aac5b55e61bfb0036~mv2.jpg	88521	IMAGE	image000002.jpg
486ae0_96fe28469f35452a915a9c59f767990e~mv2.jpg	98900	IMAGE	image000003.jpg
486ae0_8c5d67f1ce6347cc8519852c85335c17~mv2.jpg	92696	IMAGE	image000004.jpg
486ae0_c1e4ce4a68c44142a1f8db7b5c79c50e~mv2.jpg	78973	IMAGE	image000005.jpg
486ae0_a6d3d13a93634dc2a01eab05e653c7fe~mv2.jpg	111877	IMAGE	image000008.jpg
486ae0_f305795886e04d91ab2509c75eded6d5~mv2.jpg	124854	IMAGE	image000009.jpg
486ae0_b2cf3359f566489f9b3fda407a6cfc37~mv2.jpg	106414	IMAGE	image000006.jpg
486ae0_847410b0271040a58369ef55dfcfe82c~mv2.jpg	104156	IMAGE	image000007.jpg
486ae0_3a897e178a6e493a9285f2636797c046~mv2.jpg	849976	IMAGE	oprak flyer png _edited.jpg
486ae0_71881fced5404cf2a6ca9dbaf81103cc~mv2.png	423521	IMAGE	oprak flyer png .png
486ae0_9b3924faca1a415cae4a3c325db00b2c~mv2.png	423521	IMAGE	oprak flyer png .png
486ae0_76c5dc0c2a7845f69c56461ce113a5cb.pdf	184300	DOCUMENT	20251106 final oprak flyer.pdf	https://d28dc6a3-d924-456b-82c5-9cd268ba9255.usrfiles.com/ugd/486ae0_76c5dc0c2a7845f69c56461ce113a5cb.pdf
486ae0_f80d3bb51b2c4a0fb5eef3a74bc9a57e~mv2.jpg	2414814	IMAGE	IMG_4346.jpg
486ae0_5b710ebfa6014c06859953f805a2a5d1~mv2.jpg	2732109	IMAGE	IMG_4321.jpg
486ae0_2bbc937e91c2409d847e9467d5c6fe9f~mv2.jpeg	1841461	IMAGE	F36DAB62-6BAB-4915-8AD6-A585CD16363F.jpeg
486ae0_1b36ae3cfc6c4ec39e503034e60166cc~mv2.jpeg	2742173	IMAGE	57331E0F-9B78-4B79-9D05-A920131CCE02.jpeg
486ae0_239ed437319e45da8080698f72335a64~mv2.jpg	1773121	IMAGE	F0E28CA1-D8EC-4F49-ABC4-C2F0787DCBC6.jpg
486ae0_2d6c80d0ebd54db7938a553d9d87b109~mv2.jpg	932348	IMAGE	IMG_4347.jpg
486ae0_f72f96bc1590478d9dec82060b1ee2f7~mv2.jpg	1300486	IMAGE	IMG_4304.jpg
486ae0_d61375a3bbaf4b0baa1f4dd2b9b8e8ba~mv2.jpg	216763	IMAGE	IMG_0894_edited.jpg
486ae0_4110e9a9239e4f1ebbc4406a3142f78f~mv2.jpg	2978614	IMAGE	IMG_2155_edited.jpg
486ae0_3872f5da112c4dc3a4aa8d96c3813131~mv2.jpg	5591982	IMAGE	IMG_2227_edited_edited.jpg
486ae0_bc537d8ed8594d548a46c1a375d38a5a~mv2.jpg	1255039	IMAGE	IMG_2227_edited.jpg
486ae0_c9b665ef53d84f779f10e2af1cfd1441~mv2.jpg	606954	IMAGE	IMG_0890_edited.jpg
486ae0_87f536ff257846f49a6b48e5f01cc784~mv2.jpg	192220	IMAGE	IMG_0881.jpg
486ae0_f47b774c21fc430090436a1481438252~mv2.jpg	266771	IMAGE	IMG_0864.jpg
486ae0_ce0eab912ce14b76af34ea13b87d88a2~mv2.jpg	181473	IMAGE	IMG_0881.jpg
486ae0_9c3dfc051f274f2a96f6187b03342270~mv2.png	1432625	IMAGE	IMG_0883.png
486ae0_26a358e992ef4f638e9250b58fb16554~mv2.png	1375006	IMAGE	IMG_0873.png
486ae0_ade2684e33cc4b1b809d93f29eb90f1c~mv2.png	1541570	IMAGE	IMG_0890.png
486ae0_1b62882a002e4c038590f8f645c132ad~mv2.png	1401814	IMAGE	IMG_0891.png
486ae0_3939b61f22f54c38a8b84b2f32e0f919~mv2.png	1408468	IMAGE	IMG_0896.png
486ae0_11ee3f7ed94148c9b3ae8bd7e5a2a2d8~mv2.png	3071754	IMAGE	IMG_0880.png
486ae0_6c67e6c2471b4e2b8a87332085c66886~mv2.png	1903342	IMAGE	IMG_0879.png
486ae0_e2d0278ea9b6416bb3626d96e5f8091a~mv2.png	1548985	IMAGE	IMG_0895.png
486ae0_149f5f8cbf44415fbc0d12f87e005488~mv2.png	685593	IMAGE	IMG_0894.png
486ae0_d5d258316f6d4853bdef3ae7a8b4292f~mv2.jpg	3746937	IMAGE	IMG_2227.jpg
486ae0_a25ef1f5ecf8403183d26b10e66b7fab~mv2.jpg	3269743	IMAGE	IMG_2712_edited.jpg
486ae0_d6671a7e1d8b450dbf7a5fd2e0162d83~mv2.jpg	675067	IMAGE	IMG_0870_edited.jpg
486ae0_8f9396e26e8c46488b19ca9e9bddf120~mv2.jpg	231786	IMAGE	IMG_1806.jpg
486ae0_424edd42e6214e80af0f20c303e6f9ab~mv2.png	2872151	IMAGE	IMG_0877.png
486ae0_7fe8ea4c829b4a5282b901694c6c12da~mv2.png	1830490	IMAGE	IMG_0876.png
486ae0_b32b8033eb7e4c668d76ddcd252403c5~mv2.png	1032003	IMAGE	IMG_0888.png
486ae0_8c4e845bd3fb4c2895b6dfe7d19c6334~mv2.jpg	203644	IMAGE	IMG_0869.jpg
486ae0_b58ed72c6b9a4f539ac0c5c85aee9bad~mv2.jpg	252240	IMAGE	IMG_0871.jpg
486ae0_1194024f5fe04eb18a36d7fcd2992d96~mv2.jpg	163091	IMAGE	IMG_0872.jpg
486ae0_041911b8740749f59dc8851c3968cb30~mv2.jpg	252950	IMAGE	IMG_0889.jpg
486ae0_6a378bbcb6f6436fa76444f2be29b5a9~mv2.jpg	246653	IMAGE	IMG_0865.jpg
486ae0_75089419720048b9a406439bc46c250f~mv2.jpg	186200	IMAGE	IMG_0883.jpg
486ae0_ba2ee75c03cc476aa609e0041563ded9~mv2.jpg	181473	IMAGE	IMG_0881.jpg
486ae0_134764c35e8045299184ec3c4af026b5~mv2.jpg	266771	IMAGE	IMG_0864.jpg
486ae0_278a50b4d3bb4268806f14e710892150~mv2.jpg	158416	IMAGE	IMG_0867.jpg
486ae0_edb6fbbd63904f32ac23a8961a90c529~mv2.jpg	228873	IMAGE	IMG_0870.jpg
486ae0_42fe638b059b4710910afecfb276b669~mv2.jpg	2336894	IMAGE	IMG_2155.jpg
486ae0_c5949766284144608dc1045c8bd4ee61~mv2.jpg	5441179	IMAGE	IMG_1147.jpg
486ae0_b2e18cbdeba346d4a593c8f8c0f24c54~mv2.jpg	2464595	IMAGE	IMG_6048.jpg
486ae0_ede378dc8a7d4d4cb22b626661b8c6dd~mv2.jpeg	3422265	IMAGE	10027.jpeg
486ae0_595ad3445546408d99529af40af296a5~mv2.jpeg	2638313	IMAGE	10287.jpeg
486ae0_d5ebd3eff7a24bda85c1bd6824a823ed~mv2.jpg	3411097	IMAGE	IMG_2712.jpg
486ae0_029f8bb7398747068c7725946b9318ea~mv2.jpg	3268679	IMAGE	IMG_0917.jpg
486ae0_cde70432a5a44d709309e2a74795b955~mv2.jpg	3266404	IMAGE	IMG_6193.jpg
486ae0_945efd2063c14347876695eeaf66075f~mv2.jpg	3763778	IMAGE	IMG_6118.jpg
486ae0_04042a1302874eceb61e7f11cb660b48~mv2.jpeg	3244846	IMAGE	10269.jpeg
486ae0_bff71cfe06b24bbeb93de63f879a8130~mv2.jpg	2586709	IMAGE	IMG_2760.jpg
486ae0_7acb9fbe4fb4457a9ece38299b3e278b~mv2.jpg	2389561	IMAGE	IMG_1142.jpg
486ae0_f8a901d94ee14b4988929259ec983977~mv2.jpeg	94321	IMAGE	9432.jpeg
486ae0_0f683aff3c8145938dfe2a6400f2f1a1~mv2.jpg	2687560	IMAGE	IMG_6055.jpg
486ae0_dfcffe27e17048fea8042dd1ea1a8206~mv2.jpeg	3239139	IMAGE	10066.jpeg
486ae0_0df357aebcbf4cd29df10dcf8aa176eb~mv2.jpeg	2287015	IMAGE	8949.jpeg
486ae0_11f12913e9d54e9a80c7df1c2856f805~mv2.jpg	181016	IMAGE	IMG_0866.jpg
486ae0_d0404645fd0e40b1ab4bd97cbd9c1f5d~mv2.jpg	203644	IMAGE	IMG_0869.jpg
486ae0_0352e66200df4dd7893b5814e9ba0a9f~mv2.png	1916154	IMAGE	Copy of IMG_0870.png
486ae0_4d7cafb878214f1185ec68721ffb138d~mv2.jpeg	4654153	IMAGE	10063.jpeg
486ae0_e855e49505f940f3bab12b4dbcf66084~mv2.jpg	1818134	IMAGE	DSC_0031.JPG
486ae0_3347dcabf233419aa486683dc8826779~mv2.jpg	1325551	IMAGE	DSC_0189.JPG
486ae0_86d8118dbb0b4517a0df68d4a2025e51~mv2.jpg	1983354	IMAGE	DSC_0017.JPG
bead6b_34f7460d78394c7a8bf2c5a4ec122f11~mv2.png	353275	IMAGE	ScibVibes flyer Mar-28-2025.png
bead6b_f168cb36b7d845e996fab99f665f2cf9~mv2.png	369652	IMAGE	Screenshot 2025-03-08 at 8.22.22 AM.png
486ae0_a24d439ff6784ccf92ef853ff90975f9~mv2.jpg	72340	IMAGE	Presentation pic 3.jpg
486ae0_2517f758efac4f6b8b1585b4f9830cd2~mv2.jpg	216477	IMAGE	000185360027.jpg
486ae0_64e6f72e3c6c4aa0b4d5d584e47c923c~mv2.jpg	169677	IMAGE	Fam pic 1_edited.jpg
486ae0_da3df2b150b141649a4802ed057fb8b2~mv2.png	1839545	IMAGE	Fam pic 1.png
486ae0_c43e689f85d240d7b232505bea104427~mv2.jpg	208283	IMAGE	IMG_6567_edited.jpg
486ae0_18b753789f8b4bfb881315b42cc1d397~mv2.jpg	96158	IMAGE	IMG_6659.jpg
486ae0_61ffd33456db446db469d84bc3edbaa0~mv2.jpg	275638	IMAGE	IMG_6661.jpg
486ae0_f17dc6e5496447f098348a88b33fa948~mv2.jpg	198359	IMAGE	IMG_6663.jpg
486ae0_a2d3ad2f08ac401ebc3c4b5d3e7226ac~mv2.jpg	163748	IMAGE	IMG_6660.jpg
486ae0_2ffd148b220842939760cf05f7f5ff39~mv2.png	9215287	IMAGE	IMG_6567.PNG
486ae0_bd1aa9ce29c54042a8146e26301c3608~mv2.jpg	1161982	IMAGE	Pic w Gov.jpg
486ae0_50912784cdc749aaa29a4399e86379c2~mv2.jpg	531495	IMAGE	Pic w Maya Wiley.jpg
486ae0_f6b27e7d402546e89ff05dc1c544886c~mv2.jpg	644750	IMAGE	Presentation pic1.jpg
486ae0_ad3b7faaa53c47da87c973457e0a1584~mv2.jpg	956730	IMAGE	Presentation pic 2.jpg
486ae0_68b13db1b9e847b3826b02ddc850b14d~mv2.jpg	33095	IMAGE	EmanPanel1_edited.jpg
486ae0_e933d0650a5a4bfab3218e2054517869~mv2.jpg	83476	IMAGE	EmanPanel1.0.jpg
486ae0_b44bec8c954040589a6285162405c26a~mv2.jpg	178299	IMAGE	Eman full length_edited.jpg
486ae0_e48400c377164397956524239cf36335~mv2.jpg	253761	IMAGE	Eman full length.jpg
486ae0_564bf43a90a04468a4889b9c4699a098~mv2.jpg	253761	IMAGE	Eman full length.jpg
